author,title,description,url,urlToImage,publishedAt,content,source_id,source_name
Filip De Mott,Bond markets could see 'mini boom-bust cycles' as global government debt to soar by $5 trillion a year,"""An abrupt surge in government expenditures during this global election cycle could further increase the interest burden for many sovereign debtors""",https://markets.businessinsider.com/news/bonds/bond-markets-global-debt-boom-bust-cycle-iif-fixed-income-2023-11,https://i.insider.com/655678a936d588dc55d1e422?width=1200&format=jpeg,2023-11-16T20:49:44Z,"wsmahar/Getty Images
<ul>
<li>Global bond markets will face ""mini boom-bust cycles,"" the Institute of International Finance said.</li>
<li>Growing deficits will be made more extreme by next year's e… [+2243 chars]",business-insider,Business Insider
Aryn Baker,Ellen Johnson Sirleaf Is Forging a New Path for the Next Generation of Women Leaders,The Nobel Prize laureate and former president of Liberia fosters women's public service leadership through her Amujae Initiative.,https://time.com/6333021/ellen-johnson-sirleaf-time100-impact-awards/,https://api.time.com/wp-content/uploads/2023/11/time100-impact-awards-rwanda-ellen-johnson-sirleaf.jpg?quality=85,2023-11-09T12:59:48Z,Ellen Johnson Sirleaf wouldnt want other women to have to follow in her footsteps. That doesnt mean she wont encourage them to run for office. Its just that she wishes it could be less arduous for th… [+4042 chars],time,Time
wsj.com,Publicis Names New Finance Chief,"Publicis Group appointed Loris Nold , the current head of its operations in Europe, the Middle East and Africa, as chief financial officer, replacing Michel-Alain Proch . The Paris-based advertising group said Proch, who joined the company in 2021, will step …",https://biztoc.com/x/953a69a2e301e611,https://c.biztoc.com/p/953a69a2e301e611/s.webp,2023-11-16T08:26:06Z,"Publicis Group appointed Loris Nold , the current head of its operations in Europe, the Middle East and Africa, as chief financial officer, replacing Michel-Alain Proch .The Paris-based advertising g… [+275 chars]",null,Biztoc.com
Tsitsi Masiyiwa,How Africa Can Make the Most of Diaspora Finance,"Remittances by the African diaspora might lack the structure and formality of traditional philanthropy, but they play a central role in keeping people out of poverty and advancing community prosperity. Formal donors should be seeking ways to amplify their imp…",https://www.project-syndicate.org/commentary/increasing-impact-of-diaspora-remittances-in-africa-by-tsitsi-masiyiwa-2023-10,https://webapi.project-syndicate.org/library/38c3e37802d8b78f23d334e3d47154fa.2-1-super.1.jpg,2023-10-30T12:00:40Z,"Remittances by the African diaspora might lack the structure and formality of traditional philanthropy, but they play a central role in keeping people out of poverty and advancing community prosperit… [+5753 chars]",null,Project Syndicate
Sydney Chisi,COP28 must not repeat the mistakes of the Africa Climate Summit,Lobbyists for big emitters in the Global North must not be allowed to push false solutions on COP28.,https://www.aljazeera.com/opinions/2023/11/18/cop28-must-not-repeat-the-mistakes-of-the-africa-climate-summit,https://www.aljazeera.com/wp-content/uploads/2023/11/2023-09-05T125645Z_961713740_RC2B23ATSFUT_RTRMADP_3_CLIMATE-CHANGE-AFRICA-1700312320.jpg?resize=1920%2C1440,2023-11-18T13:07:34Z,"In late November, the 2023 United Nations Climate Change Conference (COP28) will be launched in Dubai. Coming at the end of a year which broke multiple heat records, the event is supposed to set the … [+4887 chars]",al-jazeera-english,Al Jazeera English
Melanie Goodfellow,Pan-African Financial Institution Afreximbank Poised To Launch $1B African Film Fund,"Cairo-based African Export-Import Bank, also known as Afreximbank, is gearing up to launch a $1B African Film Fund in 2024 to support the continent’s burgeoning film industry. Kanayo Awani, Executive Vice President of Afreximbank’s Intra-African Trade Bank, a…",https://deadline.com/2023/11/pan-african-financial-institution-afreximbank-1-billion-dollar-african-film-fund-1235599337/,https://deadline.com/wp-content/uploads/2023/11/MixCollage-10-Nov-2023-02-09-PM-1693.jpg?w=1024,2023-11-10T14:20:45Z,"Cairo-based African Export-Import Bank, also known as Afreximbank, is gearing up to launch a $1B African Film Fund in 2024 to support the continent’s burgeoning film industry.
Kanayo Awani, Executiv… [+3436 chars]",null,Deadline
pbs.org,"News Wrap: Biden, Xi set to meet at economic summit in San Francisco","In our news wrap Friday, Biden and China’s President Xi prepare to meet next week, Biden formally entered the first 2024 Democratic primary, the FBI seized devices from New York Mayor Adams amid a campaign finance investigation, France and North Africa strugg…",https://biztoc.com/x/48a7aeb4d8a60fe1,https://c.biztoc.com/p/48a7aeb4d8a60fe1/s.webp,2023-11-11T00:00:08Z,"In our news wrap Friday, Biden and Chinas President Xi prepare to meet next week, Biden formally entered the first 2024 Democratic primary, the FBI seized devices from New York Mayor Adams amid a cam… [+251 chars]",null,Biztoc.com
Al Jazeera,"One year on, peace holds in Tigray, but Ethiopia still fractured",The cost of reconstruction in the battle-scarred northern region is estimated at $20bn.,https://www.aljazeera.com/gallery/2023/11/2/photos-one-year-on-peace-holds-in-tigray-but-ethiopia-still-fractured,https://www.aljazeera.com/wp-content/uploads/2023/11/33ZN69Q-highres-1698909081.jpg?resize=1920%2C1440,2023-11-02T11:16:42Z,"An accord signed a year ago between the rivals in Ethiopias Tigray war has brought peace to the shattered region but ignited yet another conflict in the increasingly fractured nation.
In November 20… [+1231 chars]",al-jazeera-english,Al Jazeera English
Zac Ntim,Ghana’s African Cinema Summit Sets Speaker Lineup Including IMAX Exec & Local Exhibition Heads,"EXCLUSIVE: The National Film Authority of Ghana (NFA) has set the lineup for it’s inaugural Africa Cinema Summit (ACS) in Accra, hosted in partnership with FilmOne Group (Nigeria) and Silverbird Cinema (Ghana).  The summit is set to take place at the Mövenpic…",https://deadline.com/2023/10/african-cinema-summit-ghana-imax-filmone-group-silverbird-cinema-2023-1235582133/,https://deadline.com/wp-content/uploads/2023/10/Collage-Maker-25-Oct-2023-07-29-AM-6304-e1698186610758.jpg?w=1024,2023-10-25T13:00:00Z,"EXCLUSIVE: The National Film Authority of Ghana (NFA) has set the lineup for it’s inaugural Africa Cinema Summit (ACS) in Accra, hosted in partnership with FilmOne Group (Nigeria) and Silverbird Cine… [+6539 chars]",null,Deadline
"Henri Al Helaly, Forbes Councils Member, 
 Henri Al Helaly, Forbes Councils Member
 https://www.forbes.com/sites/forbesbusinesscouncil/people/henrialhelaly/","A Trifecta Of Opportunity In Fintech, Agritech And Aerotech In Africa","I believe entrepreneurs who recognize the interconnected potential of fintech, agritech and aerotech in Africa can contribute to the continent's renaissance.",https://www.forbes.com/sites/forbesbusinesscouncil/2023/11/01/a-trifecta-of-opportunity-in-fintech-agritech-and-aerotech-in-africa/,https://imageio.forbes.com/specials-images/imageserve/6541057997864c72658c2f12/0x0.jpg?format=jpg&height=900&width=1600&fit=bounds,2023-11-01T11:45:00Z,"Henri Al Helaly, Business Strategist and Entrepreneur, COO at Skytex Aero.
getty
As the vast and diverse continent of Africa pivots toward a tech-centric future, I see three sectors standing out: f… [+7148 chars]",null,Forbes
Lisa Vanhala,"COP28: A year after climate change funding breakthrough, poor countries eye disappointment at Dubai summit","At the COP27 summit in Sharm El-Sheikh, Egypt, an agreement to establish a loss and damage fund was hailed as a major breakthrough on one of the trickiest topics in the UN climate change negotiations. In an otherwise frustrating conference, this decision in N…",https://phys.org/news/2023-11-cop28-year-climate-funding-breakthrough.html,https://scx2.b-cdn.net/gfx/news/hires/2023/climate-change-5.jpg,2023-11-10T16:38:04Z,"At the COP27 summit in Sharm El-Sheikh, Egypt, an agreement to establish a loss and damage fund was hailed as a major breakthrough on one of the trickiest topics in the UN climate change negotiations… [+7398 chars]",null,Phys.Org
https://www.facebook.com/bbcnews,What is COP28 in Dubai and why is it important?,The climate change summit comes after a year of weather extremes and broken temperature records.,https://www.bbc.co.uk/news/science-environment-67143989,https://ichef.bbci.co.uk/news/1024/branded_news/B695/production/_131514764_gettyimages-1265258740.jpg,2023-10-25T10:56:08Z,"World leaders are set to discuss tackling climate change at a big UN summit in Dubai.
It follows a year of extreme weather events in which many climate records have been broken. 
COP28 is the 28th … [+4734 chars]",bbc-news,BBC News
Zac Ntim,Lupita Nyong’o Joins Sudan’s Oscar Entry ‘Goodbye Julia’ As Exec Producer,"Lupita Nyong’o has joined Goodbye Julia, Sudan’s entry for this year’s Best International feature race at the Oscars, as an executive producer. Directed by Sudanese filmmaker Mohamed Kordofani in his feature film debut, the pic explores the events leading up …",https://deadline.com/2023/11/lupita-nyongo-sudan-oscar-goodbye-julia-exec-producer-1235598167/,https://deadline.com/wp-content/uploads/2022/10/lupita.jpg?w=1000,2023-11-09T13:02:36Z,"Lupita Nyong’o has joined Goodbye Julia, Sudan’s entry for this year’s Best International feature race at the Oscars, as an executive producer.
Directed by Sudanese filmmaker Mohamed Kordofani in hi… [+1776 chars]",null,Deadline
Andreas Wiseman,"Guy Pearce, DeWanda Wise & Tim Roth Heading For Supernatural Thriller ‘Killing Faith’, Pic Secures Interim Agreement For Early 2024 Shoot — AFM","EXCLUSIVE: Guy Pearce (Prometheus) and DeWanda Wise (Jurassic World Dominion) are attached to star in supernatural thriller Killing Faith, with Tim Roth (Pulp Fiction) in final negotiations to join. Ned Crowley (Middle Man) is writer-director on the feature w…",https://deadline.com/2023/11/dewanda-wise-guy-pearce-tim-roth-killing-faith-afm-movie-1235591532/,https://deadline.com/wp-content/uploads/2023/11/GUY-PEARCE-and-DeWANDA-WISE-and-Tim-Roth.jpg?w=1024,2023-11-03T14:33:23Z,"EXCLUSIVE: Guy Pearce (Prometheus) and DeWanda Wise (Jurassic World Dominion) are attached to star in supernatural thriller Killing Faith, with Tim Roth (Pulp Fiction) in final negotiations to join.… [+1507 chars]",null,Deadline
[Energy Central] Charley Rattan,Hyphen | Finance,Hyphen https://www.dbsa.org/press-releases/development-bank-southern-africa-and-hyphen-hydrogen-energy-partner-fund-sub-saharan  https://energycentral.com/c/cp/germany-eyes-namibias-green-hydrogen  https://energycentral.com/c/cp/namibian-green-hydrogen-invest…,https://energycentral.com/c/cp/hyphen,https://energycentral.com/sites/default/files/styles/og_meta/public/ece/node_main/2023/11/namhyph.jpg?itok=jPn-hsZ2,2023-11-03T22:44:48Z,"<li>Chief Executive OfficerVigilante Electric CooperativeDillon, Montana
</li><li>Engineer (Electrical - Transmission Planning)LCRAAustin, Texas
</li><li>Transmission Interconnection Specialist II/… [+1062 chars]",null,Energycentral.com
Yves Smith,Jim Chanos: “The Crypto Ecosystem Is Well-Suited for the Dark Side of Finance.”,"The famed short-seller talks Sam Bankman-Fried, why Wall Street is still so keen on crypto, and how technology is making us dumber",https://www.nakedcapitalism.com/2023/11/jim-chanos-the-crypto-ecosystem-is-well-suited-for-the-dark-side-of-finance.html,null,2023-11-10T09:28:51Z,"Yves here. Storied short seller Jim Chanos is being more polite than we have been about crypto. We have pointed out that its main uses are tax evasion, crime, and speculation, none of which are socia… [+20125 chars]",null,Nakedcapitalism.com
Science X,Inequality hotspot map shows where women in agriculture are hit the hardest by the climate crisis,"Threats posed by the climate crisis disproportionally affect certain communities and social groups that are more exposed. People living in low- and middle-income (LMIC) countries are at heightened risk. Within these countries, women typically face higher clim…",https://phys.org/news/2023-11-inequality-hotspot-women-agriculture-hardest.html,https://scx2.b-cdn.net/gfx/news/hires/2023/inequality-hotspot-map.jpg,2023-11-16T05:00:02Z,Threats posed by the climate crisis disproportionally affect certain communities and social groups that are more exposed. People living in low- and middle-income (LMIC) countries are at heightened ri… [+5309 chars],null,Phys.Org
null,Africa: Big Shortfall in Climate Funding Needed By Developing Countries Is 'Hugely Worrying' - UNEP,"[Daily Maverick] The funding developing countries need to deal with the present impacts of climate change (adaptation finance) is 50% bigger than previously thought, with Unep estimating the current adaptation finance gap is now $194bn - $366bn per year.",https://allafrica.com/stories/202311060087.html,https://cdn08.allafrica.com/static/images/structure/aa-logo-rgba-no-text-square.png,2023-11-06T06:10:19Z,"The funding developing countries need to deal with the present impacts of climate change (adaptation finance) is 50% bigger than previously thought, with Unep estimating the current adaptation financ… [+1388 chars]",null,AllAfrica - Top Africa News
null,Africa: Malawi to Benefit From K906bn Saudi Govt Development Fund for Africa,"[Nyasa Times] President Dr Lazarus McCarthy Chakwera is among African leaders whose countries will get a K906 million cheque from the Saudi government for various development projects, a Saudi official announced on Thursday.",https://allafrica.com/stories/202311100046.html,https://cdn08.allafrica.com/static/images/structure/aa-logo-rgba-no-text-square.png,2023-11-10T06:23:02Z,"President Dr Lazarus McCarthy Chakwera is among African leaders whose countries will get a K906 million cheque from the Saudi government for various development projects, a Saudi official announced o… [+993 chars]",null,AllAfrica - Top Africa News
Horatiu Boeriu,BMW ZA IT Hub South Africa Builds The Digital Twin,"Our next stop in our South African trip takes us to Pretoria to visit a BMW Digital Hub. Opened in 2024, BMW Group IT Hub South Africa is the oldest and largest of three IT Hubs...",https://www.bmwblog.com/2023/11/10/bmw-za-it-hub-south-africa-builds-the-digital-twin/,https://cdn.bmwblog.com/wp-content/uploads/2023/11/bmw-it-hub-za-south-africa-02.jpg,2023-11-11T01:55:00Z,"Our next stop in our South African trip takes us to Pretoria to visit a BMW Digital Hub. Opened in 2024, BMW Group IT Hub South Africa is the oldest and largest of three IT Hubs within the BMW Group.… [+8608 chars]",null,BMWBLOG
null,Africa: Smallholder Farmers Gain Least From International Climate Funding - Study,[IPS] Nairobi -- Smallholder farmers from the Global South benefit from a grossly disproportionate 0.3% of international climate finance despite producing a third of the world's food and despite holding the key to climate-proofing food systems.,https://allafrica.com/stories/202311150021.html,https://cdn03.allafrica.com/download/pic/main/main/csiid/00630293:6dccc2813557a7ccc0a2e1b88048fdcd:arc614x376:w1200.jpg,2023-11-15T04:37:49Z,Nairobi — Smallholder farmers from the Global South benefit from a grossly disproportionate 0.3% of international climate finance despite producing a third of the world's food and despite holding the… [+9338 chars],null,AllAfrica - Top Africa News
"Simi Thambi​, Contributor, 
 Simi Thambi​, Contributor
 https://www.forbes.com/sites/simithambi/",The Mystery Of The Missing $100 Billion Integral To COP28 Agenda,"Fifteen years ago, developed countries pledged to mobilize $100 billion annually by 2020 to support climate action in developing nations.",https://www.forbes.com/sites/simithambi/2023/11/10/the-mystery-of-the-missing-100-billion-integral-to-cop28-agenda/,https://imageio.forbes.com/specials-images/imageserve/654e568450294fe2b83ff02b/0x0.jpg?format=jpg&height=900&width=1600&fit=bounds,2023-11-10T16:21:25Z,"This is the first article in a series on Conferences of the Parties (COP) 28.
Climate finance and the $100 billion goal (Photo Illustration by Matt Cardy/Getty Images)
Getty Images
Wealthy countri… [+5241 chars]",null,Forbes
RT,Economic decline behind West’s weaponization of currencies – Moscow,"Western states use economic sanctions to stay in power and halt the development of rivals, Russian Finance Minister Anton Siluanov claims Read Full Article at RT.com",https://www.rt.com/business/586679-west-economies-weaponization-currencies/,https://mf.b37mrtl.ru/files/2023.11/article/6548e148203027608739d40e.jpg,2023-11-06T12:57:11Z,"Western countries have been losing their economic advantage to the East, which is why they now use economic sanctions to halt the development of their rivals, Russian Finance Minister Anton Siluanov … [+2737 chars]",rt,RT
Jake Bittle,The decade-old broken climate promise that looms over COP28,New data suggest wealthy countries may belatedly be providing a promised $100 billion in climate-related aid. But they’ve eroded trust in the process.,http://grist.org/international/international-climate-finance-adaptation/,https://grist.org/wp-content/uploads/2023/11/Hillary-Clinton-at-COP15.jpg,2023-11-17T09:45:00Z,"The collapse of negotiations at the 2009 United Nations climate conference in Copenhagen, Denmark, had repercussions that have shaped international climate finance to this day. Rich countries like th… [+12814 chars]",null,Grist
Tom Athanasiou,Emissions Are a Rich People Problem,"In 1990, the Intergovernmental Panel on Climate Change released its first report on global warming—and by so doing started the clock on our collective response. In the three decades since then, humanity—as nations, peoples, and corporations—has spewed more ca…",https://newrepublic.com/article/176558/emissions-rich-people-problem,https://images.newrepublic.com/8dc65ff455b5021419fc0f73c66140e8a522e670.jpeg?w=1200&h=630&crop=faces&fit=crop&fm=jpg,2023-11-06T11:00:00Z,"Gordon Brown, the former British Prime Minister, is campaigning for a small international tax on oil and gas export revenue. William Ruto, the President of Kenya, is calling for a more ambitious pack… [+1925 chars]",null,The New Republic
RT,Russia ramps up trade with Africa and Asia – customs data,"Moscow has been actively diversifying trade due to Western sanctions, customs data shows Read Full Article at RT.com",https://www.rt.com/business/587260-russia-trade-growth-asia-africa/,https://mf.b37mrtl.ru/files/2023.11/article/6553a81520302715546167fd.jpg,2023-11-19T12:22:02Z,"Russia’s economic cooperation with Asian and African countries has continued to grow while trade with the European Union has declined, according to the latest report by the Federal Customs Service (F… [+1648 chars]",rt,RT
Ravi Venkatesan,New Frontiers in Low-Cost Clean Tech,"To accelerate the uptake of renewables, leaders from all quarters must collaborate to make clean energy more affordable. Working together to expand access to – and lower the costs of – battery energy storage systems, for example, could ignite demand, stimulat…",https://www.project-syndicate.org/commentary/affordable-accessible-battery-energy-storage-will-accelerate-renewable-uptake-by-ravi-venkatesan-2023-11,https://webapi.project-syndicate.org/library/023ca92c7411e9e959d363bbdbc0268c.2-1-super.1.jpg,2023-11-03T13:09:56Z,"To accelerate the uptake of renewables, leaders from all quarters must collaborate to make clean energy more affordable. Working together to expand access to  and lower the costs of  battery energy s… [+5688 chars]",null,Project Syndicate
"Deepali Khanna, Contributor, 
 Deepali Khanna, Contributor
 https://www.forbes.com/sites/deepalikhanna/",Turning Crisis Into Hope: Transformative Collaborations Inspire Positive Impact,"These crises, which have hit the Global South the hardest, are widening existing inequalities and reversing decades of hard-won progress towards the Sustainable Develo...",https://www.forbes.com/sites/deepalikhanna/2023/11/06/turning-crisis-into-hope-transformative-collaborations-inspire-positive-impact/,"https://imageio.forbes.com/specials-images/imageserve/6549be74604c5c1e34f13eae/0x0.jpg?format=jpg&crop=731,411,x0,y0,safe&height=900&width=1600&fit=bounds",2023-11-07T04:38:04Z,"Over the past few years, the world has faced a myriad of challenges. The Covid-19 pandemic was the greatest health crisis of our time, leading to severe economic and social disruptions. At the same t… [+3731 chars]",null,Forbes
anthonypauldalessandro,"Focus Features Takes U.S. To Edward Berger’s Ralph Fiennes, Stanley Tucci Papal Thriller ‘Conclave’","More movies potentially for next year’s starved 2024 theatrical release calendar: Focus Features has takenU.S. distribution rights to All Quiet on the Western Front Oscar winning filmmaker Edward Berger’s papal thriller, Conclave. The movie stars a slew inclu…",https://deadline.com/2023/11/focus-features-conclave-edward-berger-ralph-fiennes-stanley-tucci-1235599489/,https://deadline.com/wp-content/uploads/2023/03/3K1A9962.jpg?w=1024,2023-11-10T17:15:00Z,More movies potentially for next year’s starved 2024 theatrical release calendar: Focus Features has takenU.S. distribution rights to All Quiet on the Western Front Oscar winning filmmaker Edward Ber… [+3139 chars],null,Deadline
Kate Hampton,What We Can Do About Food Insecurity,"With a concerted, coordinated global effort, the tide can be turned against global hunger and malnutrition. But as new conflicts and the effects of climate change aggravate food insecurity, world leaders must make progress on four fronts.",https://www.project-syndicate.org/commentary/london-food-security-summit-must-address-four-issues-by-kate-hampton-1-and-david-miliband-2023-11,https://webapi.project-syndicate.org/library/44adc60207f8f06cd5f19f0808f7a61d.2-1-super.1.jpg,2023-11-17T18:43:48Z,"With a concerted, coordinated global effort, the tide can be turned against global hunger and malnutrition. But as new conflicts and the effects of climate change aggravate food insecurity, world lea… [+5834 chars]",null,Project Syndicate
Kenneth Rogoff,The Stunning Resilience of Emerging Markets,"Contrary to many analysts’ expectations, emerging markets have not spiraled into a debt crisis. This can be partly attributed to central banks’ decision to reject populist policy proposals in favor of a modern iteration of macroeconomic orthodoxy.",https://www.project-syndicate.org/commentary/macroeconomic-orthodoxy-saved-emerging-markets-from-debt-crisis-by-kenneth-rogoff-2023-10,https://webapi.project-syndicate.org/library/520dd00b31f99ac8c7dbc98e908adf21.2-1-super.1.jpg,2023-10-31T15:15:29Z,"Contrary to many analysts expectations, emerging markets have not spiraled into a debt crisis. This can be partly attributed to central banks decision to reject populist policy proposals in favor of … [+6159 chars]",null,Project Syndicate
"Tilak Doshi, Contributor, 
 Tilak Doshi, Contributor
 https://www.forbes.com/sites/tilakdoshi/",Climate Change Hurts The Poor: But Not The Way You Think It Does,Africa’s poor will be hardest hit not by ‘climate change’ but by the policies pushed by the West’s green lobby. African forests and drinking water will diminish further.,https://www.forbes.com/sites/tilakdoshi/2023/10/26/climate-change-hurts-the-poor-but-not-the-way-you-think-it-does/,https://imageio.forbes.com/specials-images/imageserve/653ac04457fa62e2bea0c083/0x0.jpg?format=jpg&height=900&width=1600&fit=bounds,2023-10-26T19:49:07Z,"Who Needs A Tractor?
Ancient Egyptian Fresco of Husband and Wife Plowing Fields (Photo by Bojan Brecelj/CORBIS/Corbis ... [+] via Getty Images)
Corbis via Getty Images
Climate impacts hit the worl… [+10109 chars]",null,Forbes
null,[Removed],[Removed],https://removed.com,null,1970-01-01T00:00:00Z,[Removed],null,[Removed]
Steve Hanley,"Nigeria Has Ended Fossil Fuel Subsidies, Giving Solar Power A Boost","Solar power in Nigeria is experiencing a breakthrough moment. The poster child for neo-colonialism in Africa, Nigeria is that continent’s ... [more]
The post Nigeria Has Ended Fossil Fuel Subsidies, Giving Solar Power A Boost appeared first on CleanTechnica.",https://ctfresh.wpengine.com/2023/11/08/nigeria-has-ended-fossil-fuel-subsidies-giving-solar-power-a-boost/,https://ctfresh.wpengine.com/wp-content/uploads/2023/10/CleanTechnica-Solar-Panel-Farm-3-scaled-1.jpg,2023-11-08T12:55:35Z,"Sign up for daily news updates from CleanTechnica on email. Or follow us on Google News!
Solar power in Nigeria is experiencing a breakthrough moment. The poster child for neo-colonialism in Africa,… [+7516 chars]",null,Wpengine.com
Eyal Weizman,Exchange Rate,"However the conflict ends, with or without Hamas in power (and I bet on the former), Israel won’t be able to avoid...",https://www.lrb.co.uk/the-paper/v45/n21/eyal-weizman/exchange-rate,https://www.lrb.co.uk/storage/social_image_on_bg/images/7/9/4/0/29840497-1-eng-GB/0337edee0146-78032efcc2e12c0d2fb4833d7ce9cc92.jpg,2023-10-25T14:13:50Z,"In​ the spring of 1956, eight years into the Nakba, a group of Palestinian fedayeen crossed the ploughed ditch which was all that separated Gaza from the state of Israel. On one side of the ditch wer… [+15173 chars]",null,London Review of Books
null,West Africa: Using West Africa Capital Market to Bridge Infrastructure Deficit in Region,"[Leadership] Infrastructure investments in West Africa have not kept pace with growth in demand, creating a huge deficit.",https://allafrica.com/stories/202311030067.html,https://cdn08.allafrica.com/static/images/structure/aa-logo-rgba-no-text-square.png,2023-11-03T06:48:59Z,"Infrastructure investments in West Africa have not kept pace with growth in demand, creating a huge deficit.
Against the backdrop of continued economic growth in the region, the need for enabling in… [+3453 chars]",null,AllAfrica - Top Africa News
"Karen Hofman, Professor and Programme Director, SA MRC Centre for Health Economics and Decision Science - PRICELESS SA (Priority Cost Effective Lessons in Systems Strengthening South Africa), University of the Witwatersrand, Susan Goldstein, Associate Professor in the SAMRC Centre for Health Economics and Decision Science - PRICELESS SA (Priority Cost Effective Lessons in Systems Strengthening South Africa), University of the Witwatersrand",Diabetes is South Africa's second biggest killer disease: hiking the sugar tax would help,South Africa is suffering from an diabetes epidemic with 12 percent of the population suffering from this disease. The authors argue that  the minister of finance must increase the sugar tax to 20%,https://theconversation.com/diabetes-is-south-africas-second-biggest-killer-disease-hiking-the-sugar-tax-would-help-216456,https://images.theconversation.com/files/556158/original/file-20231026-19-7usid3.jpg?ixlib=rb-1.1.0&q=45&auto=format&w=1356&h=668&fit=crop,2023-10-30T16:15:23Z,Death rates in South Africa have declined slightly during the past few years. But the country faces a steady rise in both death and disability caused by increases in non-communicable diseases such as… [+6029 chars],null,The Conversation Africa
Mihir Shekhar Bhonsale,"Unity, not division, could help evolve climate, biodiversity finance roadmap","The proposed Loss and Damage Fund to be delivered by the World Bank is welcome, but it should not be considered the only source of climate finance",https://www.moneycontrol.com/news/opinion/unity-not-division-could-help-evolve-climate-biodiversity-finance-roadmap-11734901.html,https://images.moneycontrol.com/static-mcnews/2022/11/climate-change-rep-770x433.jpg,2023-11-14T03:20:53Z,"With imbalances in nature and environmental hazards due to climate change and the loss of biodiversity, maintaining the earths temperature rise at 1.5° Celsius above its pre-industrial level is provi… [+5515 chars]",null,Moneycontrol
Mimi Mefo Takambou,Can African leaders extend the US-Africa trade program?,"Delegates from Africa and the US have been meeting in Johannesburg to discuss the future of the African Growth and Opportunity Act (AGOA), Washington's flagship trade program for the continent.",https://www.dw.com/en/can-african-leaders-extend-the-us-africa-trade-program/a-67299798,https://static.dw.com/image/63157637_6.jpg,2023-11-03T17:15:00Z,South Africa is hosting a US-sub-Saharan Africa trade forum to discuss the future of the African Growth and Opportunity Act (AGOA)  a program that provides eligible countries in the region with tarri… [+2481 chars],null,DW (English)
Cointelegraph By David Attlee,Kenyan lawmakers ask local Blockchain Association to come up with crypto bill,The National Assembly's Departmental Committee on Finance and National Planning has directed the Blockchain Association to prepare the first draft of “what could become a virtual asset service provider's bill.”,https://cointelegraph.com/news/kenyan-lawmakers-blockchain-association-crypto-bill,"https://images.cointelegraph.com/cdn-cgi/image/format=auto,onerror=redirect,quality=90,width=1200/https://s3.cointelegraph.com/uploads/2023-11/d2657988-ac30-4be0-89cb-51f8bedbe377.jpg",2023-11-07T08:56:11Z,"Kenya might become the first country in the world where the industrys representatives would develop the regulatory framework for crypto. According to the Blockchain Association of Kenya (BAK), The Na… [+1907 chars]",null,Cointelegraph
null,Africa: Lack of Funding Could Sink Africa's Ocean Protection Efforts,Analysis - Africa must invest in 'life below water' - the Sustainable Development Goal that can unlock economic and climate benefits.,https://allafrica.com/stories/202311170006.html,https://cdn08.allafrica.com/static/images/structure/aa-logo-rgba-no-text-square.png,2023-11-17T04:37:44Z,"Africa must invest in 'life below water' - the Sustainable Development Goal that can unlock economic and climate benefits.
Over 11 million tonnes of plastic are dumped into the world's oceans annual… [+6152 chars]",null,AllAfrica - Top Africa News
"John Hayward, John Hayward",South Africa to Break Paris Agreement Promises Because It Cannot Shut Down Coal,Three senior South African government officials told Reuters on Thursday that South Africa will miss its climate change targets under the Paris Agreement because shutting down the country’s eight coal-fired power plants would cause a massive energy crisis.,https://www.breitbart.com/africa/2023/11/10/south-africa-break-paris-agreement-promises-because-cannot-shut-down-coal/,https://media.breitbart.com/media/2023/11/south-africa-climate-targets-steam-billows-chimneys-at-coal-fired-lethabo-power-station-vereeniging-640x335.jpg,2023-11-10T20:08:02Z,Three senior South African government officials told Reuters on Thursday that South Africa will miss its climate change targets under the Paris Agreement because shutting down the countrys eight coal… [+2481 chars],breitbart-news,Breitbart News
https://www.facebook.com/bbcnews,UK government plans radical shake-up of foreign aid for climate change disasters,A new £150m fund will help poorer countries prepare for humanitarian disasters and access money faster.,https://www.bbc.co.uk/news/uk-67456174,https://ichef.bbci.co.uk/news/1024/branded_news/1594B/production/_131759388_1a636c9b4eb9b670675a7f31d81ab47f9af04fe0.jpg,2023-11-18T02:34:35Z,"The UK government is to spend millions of pounds helping countries prepare for future humanitarian disasters in a radical shake-up of its development policy, the BBC has learned. 
A new £150m fund w… [+3767 chars]",bbc-news,BBC News
Barry Ritholtz,"Transcript: Linda Gibson, CEO PGIM Quantitative Solutions","﻿   The transcript from this week’s, MiB: Linda Gibson, CEO, PGIM Quantitative Solutions, is below. You can stream and download our full conversation, including any podcast extras, on Apple Podcasts, Spotify, YouTube, and Bloomberg. All of our earlier podcast…",https://ritholtz.com/2023/11/transcript-linda-gibson/,https://ritholtz.com/wp-content/uploads/2023/02/Mib-tile.png,2023-11-14T13:30:53Z,"The transcript from this weeks, MiB: Linda Gibson, CEO, PGIM Quantitative Solutions, is below.
You can stream and download our full conversation, including any podcast extras, on Apple Podcasts, Spo… [+54172 chars]",null,Ritholtz.com
Pierluigi Paganini,Medusa ransomware gang claims the hack of Toyota Financial Services,Toyota Financial Services discloses unauthorized activity on systems after the Medusa ransomware gang claimed to have hacked the company. Toyota Financial Services confirmed the discovery of unauthorized activity on systems in a limited number of its location…,https://securityaffairs.com/154319/data-breach/toyota-financial-services-medusa-ransomware.html,https://securityaffairs.com/wp-content/uploads/2023/11/image-21.png,2023-11-17T19:58:14Z,"Medusa ransomware gang claims the hack of Toyota Financial Services
Toyota Financial Services confirmed the discovery of unauthorized activity on systems in a limited number of its locations.
“Toyo… [+2655 chars]",null,Securityaffairs.com
null,South Africa: Tourists Are Returning to South Africa - but the Sector Will Need to Go Green to Deal With the Country's Electricity Crisis,"[The Conversation Africa] For the past 16 years South Africans have dreaded rolling power cuts euphemistically dubbed ""loadshedding"". These are caused by the ailing state power entity Eskom's crumbling infrastructure and its over-reliance on ageing and poorly…",https://allafrica.com/stories/202311100002.html,https://cdn08.allafrica.com/static/images/structure/aa-logo-rgba-no-text-square.png,2023-11-10T04:35:41Z,"For the past 16 years South Africans have dreaded rolling power cuts euphemistically dubbed ""loadshedding"". These are caused by the ailing state power entity Eskom's crumbling infrastructure and its … [+5683 chars]",null,AllAfrica - Top Africa News
"Christine Ro, Contributor, 
 Christine Ro, Contributor
 https://www.forbes.com/sites/christinero/",Solar Fans: Simple But Transformative,"Over 7.5 million people are using high-performance solar-powered fans, but the number should be higher.",https://www.forbes.com/sites/christinero/2023/11/13/solar-fans-simple-but-transformative/,https://imageio.forbes.com/specials-images/imageserve/6551ff3212a32ef305579e7e/0x0.jpg?format=jpg&height=900&width=1600&fit=bounds,2023-11-13T11:35:42Z,"Lawal Sheriff Olakunle with his solar fan.
Ayoola Tolulope Temidayo / Sun King.
Living in Lagos, 33-year-old Lawal Sheriff Olakunle is used to electricity shortages. He considers 1015 hours of elec… [+10253 chars]",null,Forbes
Steve Hanley,"Nigeria Has Ended Fossil Fuel Subsidies, Giving Solar Power A Boost","Solar power in Nigeria is experiencing a breakthrough moment. The poster child for neo-colonialism in Africa, Nigeria is that continent’s largest producer of crude oil. Yet it has no refineries of its own, which means Nigerians pay exorbitant prices for gasol…",https://cleantechnica.com/2023/11/08/nigeria-has-ended-fossil-fuel-subsidies-giving-solar-power-a-boost/,https://cleantechnica.com/files/2023/11/Arnergy-wide.jpg,2023-11-08T12:55:35Z,"Sign up for daily news updates from CleanTechnica on email. Or follow us on Google News!
Solar power in Nigeria is experiencing a breakthrough moment. The poster child for neo-colonialism in Africa,… [+7516 chars]",null,CleanTechnica
"Royston Wild, Contributor, 
 Royston Wild, Contributor
 https://www.forbes.com/sites/roystonwild/",Burberry Shares Drop 8% As Retailer Flags Possible Profits Downgrade,"Revenues rose 4% during the 26 weeks to 30 September, to £1.4 billion, as sales trekked lower across all of its markets.",https://www.forbes.com/sites/roystonwild/2023/11/16/burberry-shares-drop-8-as-it-tips-possible-profits-downgrade/,https://imageio.forbes.com/specials-images/imageserve/6555e635e0d8e16d774ec8d6/0x0.jpg?format=jpg&height=900&width=1600&fit=bounds,2023-11-16T10:20:25Z,"Photographer: Jason Alden/Bloomberg
© 2023 Bloomberg Finance LP
Luxury fashion brand Burberry Group led the FTSE 100 lower on Thursday after warning that slowing sales could cause it to cut full-ye… [+3002 chars]",null,Forbes
null,Africa: Climate Change and Farming - Economists Warn More Needs to Be Done to Adapt in Sub-Saharan Africa,[The Conversation Africa] Sub-Saharan African countries strongly rely on the agricultural and forestry sectors. Agriculture contributes up to 60% of some countries' gross domestic product. But the sector is highly vulnerable to climate change because it relie…,https://allafrica.com/stories/202311170003.html,https://cdn08.allafrica.com/static/images/structure/aa-logo-rgba-no-text-square.png,2023-11-17T04:34:37Z,Sub-Saharan African countries strongly rely on the agricultural and forestry sectors. Agriculture contributes up to 60% of some countries' gross domestic product. But the sector is highly vulnerable … [+5536 chars],null,AllAfrica - Top Africa News
null,Africa: Three Basins Summit in Brazzaville Can Open Doors for An Alternative Future,"[The Greenpeace] Brazzaville, Republic of the Congo -- Primary forest protection and the restoration of degraded natural forests must be priorities for the landmark Three Basins Summit in the Republic of the Congo, which marks an unprecedented initiative aime…",https://allafrica.com/stories/202310270364.html,https://cdn05.allafrica.com/download/pic/main/main/csiid/00611458:70fa5944723df40f57341593963dd823:arc614x376:w1200.jpg,2023-10-27T09:35:49Z,"Brazzaville, Republic of the Congo — Primary forest protection and the restoration of degraded natural forests must be priorities for the landmark Three Basins Summit in the Republic of the Congo, wh… [+5590 chars]",null,AllAfrica - Top Africa News
null,Africa: Diabetes Is South Africa's Second Biggest Killer Disease,[The Conversation Africa] Death rates in South Africa have declined slightly during the past few years. But the country faces a steady rise in both death and disability caused by increases in non-communicable diseases such as diabetes and cancer.,https://allafrica.com/stories/202310310005.html,https://cdn08.allafrica.com/static/images/structure/aa-logo-rgba-no-text-square.png,2023-10-31T04:52:05Z,Death rates in South Africa have declined slightly during the past few years. But the country faces a steady rise in both death and disability caused by increases in non-communicable diseases such as… [+6573 chars],null,AllAfrica - Top Africa News
Editorial Team,Dubai calls on global start-ups to participate in DIFC’s inaugural $1m 'FinTech World Cup',"Dubai FinTech Summit, organised by Dubai International Financial Centre (DIFC), the leading global financial hub in the Middle East, Africa and South Asia (MEASA) region, today announced the launch of the FinTech World Cup (FWC), the first-of-its-kind on a gl…",https://www.finextra.com/pressarticle/98822/dubai-calls-on-global-start-ups-to-participate-in-difcs-inaugural-1m-fintech-world-cup,https://www.finextra.com/about/finextra-logo.png,2023-11-16T10:40:00Z,"Dubai FinTech Summit, organised by Dubai International Financial Centre (DIFC), the leading global financial hub in the Middle East, Africa and South Asia (MEASA) region, today announced the launch o… [+2890 chars]",null,Finextra
null,South Africa: What the Reserve Bank Report Had to Say About the Phala Phala Couch Cash,"[Daily Maverick] Two suspects are facing criminal charges for their alleged role in the theft of $580,000 from President Cyril Ramaphosa's Phala Phala farm in February 2020. But where did the money come from and why was it never declared? According to the Sou…",https://allafrica.com/stories/202311080027.html,https://cdn08.allafrica.com/static/images/structure/aa-logo-rgba-no-text-square.png,2023-11-08T05:44:36Z,"Two suspects are facing criminal charges for their alleged role in the theft of $580,000 from President Cyril Ramaphosa's Phala Phala farm in February 2020. But where did the money come from and why … [+1454 chars]",null,AllAfrica - Top Africa News
Lameez Omarjee,News24 | Govt to offer tax support to boost local electric vehicle producers,Finance Minister Enoch Godongwana says tax support to boost domestic electric vehicle production will likely start flowing from 2026.,https://www.news24.com/fin24/climate_future/news/govt-to-offer-tax-support-to-boost-local-electric-vehicle-producers-20231101,https://cdn.24.co.za/files/Cms/General/d/7832/639c11ef141e45ea83ed6d9ec964651a.jpg,2023-11-01T13:37:27Z,"Government plans to introduce tax measures to boost the production of electric vehicles in South Africa, likely from 2026.
""In automotives - a major export and source of employment - the transition … [+332 chars]",news24,News24
Science X,Research reveals extreme fluctuations between drought and flooding are devastating millions of lives,"New research reveals millions of people around the world living in poverty have been experiencing a ""climate hazard flip"" since the turn of the century.",https://phys.org/news/2023-11-reveals-extreme-fluctuations-drought-devastating.html,https://scx2.b-cdn.net/gfx/news/hires/2023/drought-flood.jpg,2023-11-14T19:50:07Z,"New research reveals millions of people around the world living in poverty have been experiencing a ""climate hazard flip"" since the turn of the century.
This comes at a pivotal moment, as world lead… [+8891 chars]",null,Phys.Org
null,"Africa: Time to Convert Climate Change Rhetoric Into Action, Says WFP's Gernot Laganda","[IPS] HYDERABAD, INDIA -- 'If you ask what climate justice is, then the litmus test for climate justice is at the local level. So, climate justice needs to be judged by how many people are protected from climate-vulnerable conditions that they have no hand in…",https://allafrica.com/stories/202311150016.html,https://cdn08.allafrica.com/static/images/structure/aa-logo-rgba-no-text-square.png,2023-11-15T04:32:37Z,"HYDERABAD, INDIA — 'If you ask what climate justice is, then the litmus test for climate justice is at the local level. So, climate justice needs to be judged by how many people are protected from cl… [+12583 chars]",null,AllAfrica - Top Africa News
info@groundup.org.za (GroundUp),South Africa: Protesters Call for Closure of Israeli Embassy,[GroundUp] Cape Town march in support of Palestine,https://allafrica.com/stories/202311020109.html,https://cdn08.allafrica.com/static/images/structure/aa-logo-rgba-no-text-square.png,2023-11-02T06:14:38Z,"Cape Town march in support of Palestine 
Several hundred protesters gathered outside the Cape Peninsula University of Technology (CPUT) parking lot in Cape Town on Wednesday. They called for a cease… [+4905 chars]",null,AllAfrica - Top Africa News
fin24,News24 | Electricity minister to stand in for Godongwana,"Kgosientsho Ramokgopa is acting finance minister, while Enoch Godongwana takes leave.",https://www.news24.com/fin24/economy/electricity-minister-to-stand-in-for-godongwana-20231114,https://cdn.24.co.za/files/Cms/General/d/2801/d75b908f5de54bbd85583e9815383085.jpg,2023-11-14T12:50:47Z,"South Africa’s president appointed Kgosientsho Ramokgopa as acting finance minister, while Enoch Godongwana takes leave.
Ramokgopa, appointed in March as the nation’s energy czar to end the nation’s… [+605 chars]",news24,News24
Cointelegraph By Ana Paula Pereira,"VC Roundup: private accounts, tokenization, and healthcare infrastructure grab investors’ attention","Nocturne, Untangled Finance, Account Labs, Rymedi, and Waterfall network secure venture capital funding in the latest funding blitz.",https://cointelegraph.com/news/vc-roundup-private-accounts-tokenization-healthcare-infrastructure-investors,"https://images.cointelegraph.com/cdn-cgi/image/format=auto,onerror=redirect,quality=90,width=1200/https://s3.cointelegraph.com/uploads/2023-11/61522f37-cd43-49ca-a04d-c0f3c35549fb.jpg",2023-11-05T20:49:23Z,"Blockchain-based startups continue to gather funding during the current bear market, with MetaMask partner Blockaid raising $33 million in October. However, the overall funding in the crypto industry… [+4977 chars]",null,Cointelegraph
africarenewal@un.org (Africa Renewal),Angola: Angola At the UN - Diversifying Angola's Economy to Boost Trade Exports,[Africa Renewal] Amb. Francisco José da Cruz explains how promoting domestic production and consumption will create more jobs and boost incomes,https://allafrica.com/stories/202311140012.html,https://cdn08.allafrica.com/static/images/structure/aa-logo-rgba-no-text-square.png,2023-11-14T04:53:01Z,"Amb. Francisco José da Cruz explains how promoting domestic production and consumption will create more jobs and boost incomes
Ambassador Francisco José da Cruz is the Permanent Representative of th… [+11408 chars]",null,AllAfrica - Top Africa News
Damilola Aina,"Africa risks losing 15% of GDP to climate change, says AADFI",Development Finance Institutions under the auspices of the Association of African Development Finance Institutions have called for actionable plans to incorporate climate-resilient products into African business models as part of solutions to address climate …,https://punchng.com/africa-risks-losing-15-of-gdp-to-climate-change-says-aadfi/,https://cdn.punchng.com/wp-content/uploads/2023/11/12013529/AADFI.png,2023-11-11T23:33:42Z,Development Finance Institutions under the auspices of the Association of African Development Finance Institutions have called for actionable plans to incorporate climate-resilient products into Afri… [+2085 chars],null,The Punch
Daniel Immerwahr,Zoning Out,"To stand on the 102nd floor of the Empire State Building in 1950 was to stand atop the world. From the world’s tallest building you could gaze down upon Wall Street, the world’s financial center. Or you could look uptown toward the Metropolitan Museum of Art,…",https://www.nybooks.com/articles/2023/11/23/zoning-out-crack-up-capitalism-quinn-slobodian/,https://www.nybooks.com/wp-content/uploads/2023/10/immerwahr_1-112323-900.jpg,2023-11-02T12:00:00Z,"Aleksandar Tomic/Alamy
Dubai Silicon Oasis, a free zone that promotes the tech industry, United Arab Emirates, May 2021
To stand on the 102nd floor of the Empire State Building in 1950 was to stand… [+25870 chars]",null,The New York Review of Books
Schuyler Mitchell,Unproven “Advanced Recycling” Facilities Have Received Millions in Public Subsidies,"The petrochemical industry is lobbying for “advanced recycling” as a solution to plastic pollution, but a new report reveals a troubling track record at U.S. facilities.
The post Unproven “Advanced Recycling” Facilities Have Received Millions in Public Subsid…",http://theintercept.com/2023/10/31/plastics-pollution-advanced-recycling/,https://theintercept.com/wp-content/uploads/2023/10/GettyImages-1475642641.jpg-1.jpg?fit=6314%2C3157&w=1200&h=800,2023-10-31T15:32:00Z,"When oil and gas companies first launched their campaign to promote recycling to the American public, they pitched the process as a viable and sustainable solution to the plastic pollution problem. M… [+8459 chars]",null,The Intercept
RT,Africa against neocolonialism: Why does the continent's struggle for self-sufficiency remain so difficult?,Africa’s regional organizations are trying to overcome the legacy of their neocolonial background Read Full Article at RT.com,https://www.rt.com/africa/585928-africa-fight-against-neocolonialism/,https://mf.b37mrtl.ru/files/2023.10/article/653b7e5f85f54029b4228352.jpg,2023-10-28T12:04:07Z,"Over the past three years, the political events in Mali, Guinea, Burkina Faso, and Niger have attracted international attention and raised the issue of external influence in the Economic Community of… [+13110 chars]",rt,RT
Renée Bonorchis,News24 | Treasury cooks up a crisis plan to combat the state's debt blowout,"South Africa, already struggling with low economic growth and high debt-servicing costs, is planning to cut state spending, borrow more and raise taxes to compensate for a drop in revenue and increased expenditure.",https://www.news24.com/fin24/economy/treasury-cooks-up-a-crisis-plan-to-combat-the-states-debt-blowout-20231101,https://cdn.24.co.za/files/Cms/General/d/8510/7ae96a8b2bb441c4a5fea6d41f7f2232.jpg,2023-11-01T13:07:13Z,"South Africa, already struggling with low economic growth and high debt-servicing costs, is planning to cut state spending, borrow more and raise taxes to compensate for a drop in revenue and increas… [+515 chars]",news24,News24
RT,Russian firms may reside in India’s industrial zones — ministry,Russia’s Ministry of Industry and Trade said it is mulling the possibility of localizing Russian companies in Indian industrial zones Read Full Article at RT.com,https://www.rt.com/india/585745-india-industrial-zone-russia-companies/,https://mf.b37mrtl.ru/files/2023.10/article/6538d65685f540505d322864.jpg,2023-10-25T08:59:53Z,"Moscow is considering the idea of localizing companies in industrial zones in India, the Russian Ministry of Industry and Trade said on Wednesday.
According to the ministry, vigorous efforts are cur… [+1427 chars]",rt,RT
RT,BRICS should create their own internet – MP,"A Russian lawmaker has suggested that the BRICS nations should create their own Internet, separate from the Western-dominated one Read Full Article at RT.com",https://www.rt.com/business/587047-brics-russia-alternative-internet/,https://mf.b37mrtl.ru/files/2023.11/article/654f414185f5405c5741ee73.jpg,2023-11-11T09:01:19Z,"Russia should develop an alternative Internet in collaboration with the other BRICS nations, according to a proposal made by the first deputy chairman of the State Duma Control Committee, Dmitry Guse… [+1254 chars]",rt,RT
RT,Russia and Venezuela confirm de-dollarization plans,"Trade between Russia and Venezuela will soon shift to national currencies, the Venezuelan foreign minister has said Read Full Article at RT.com",https://www.rt.com/business/587408-russia-venezuela-confirm-dedollarization-plans/,https://mf.b37mrtl.ru/files/2023.11/article/655618582030275b6d52226e.jpg,2023-11-16T14:04:04Z,"Moscow and Caracas are making progress towards de-dollarization and hope to switch to national currencies in trade soon, Venezuelan Foreign Minister Yvan Gil Pinto announced on Thursday.
Pinto, who … [+1260 chars]",rt,RT
null,The EU’s Ports Strategy should focus on disrupting global hubs of illicit trade,"The EU’s Ports Strategy proposes measures to intercept drugs and other illicit goods on arrival in Europe, but disrupting global black market hubs will have a far greater impact, David M Luna writes.",https://www.euronews.com/2023/11/03/the-eus-ports-strategy-should-focus-on-disrupting-global-hubs-of-illicit-trade,https://static.euronews.com/articles/stories/08/01/08/56/1000x563_cmsv2_c3e60672-6495-5f7a-acce-843f070bc8cf-8010856.jpg,2023-11-03T17:07:15Z,"The EUs Ports Strategy proposes measures to intercept drugs and other illicit goods on arrival in Europe, but disrupting global black market hubs will have a far greater impact, David M Luna writes.… [+4816 chars]",null,Euronews
James Tweedie,West's African Rail Rival to China's Belt and Road is Imperialist 'Pipe-Dream',"Plans by the G7 countries to build a railway across southern Africa — to speed the export of raw minerals — contrasts with China's project to connect the developing world in a grand trade network, says peace activist KJ Noh.",https://sputnikglobe.com/20231107/wests-african-rail-rival-to-chinas-belt-and-road-is-imperialist-pipe-dream-1114786365.html,https://cdn1.img.sputnikglobe.com/images/sharing/article/eng/1114786365.jpg?11117030931699370652,2023-11-07T15:24:10Z,"Get the latest Africa news from Sputnik: breaking news, photos, videos, analysis, and features.
https://sputnikglobe.com/20231107/wests-african-rail-rival-to-chinas-belt-and-road-is-imperialist-pipe… [+6762 chars]",null,Sputnikglobe.com
RT,BRICS trade surges by half – Bloomberg,Trade turnover among the BRICS’ five current members soared 56% from 2017 to 2022 Read Full Article at RT.com,https://www.rt.com/business/586567-brics-trade-surge-half-billion/,https://mf.b37mrtl.ru/files/2023.11/article/6546405b85f540067037e04a.jpg,2023-11-04T13:01:50Z,"The five current members of the BRICS group increased trade by 56% from 2017 to 2022, reaching some $422 billion worth of turnover last year, Bloomberg reported on Friday.
BRICS currently comprises … [+1973 chars]",rt,RT
"Brian Ganson, Professor and Head, Centre on Conflict & Collaboration, Stellenbosch University, Anne Spencer Jamison, Assistant Professor of International Economics, Government, and Business, Copenhagen Business School, Witold Jerzy Henisz, Vice Dean and Faculty Director, ESG Inititative; Deloitte & Touche Professor of Management, University of Pennsylvania",Projects funded by the World Bank Group's private sector arm fuel armed conflict – it's time to reform the system,"A single International Finance Corporation project, on average, causes 7.6 additional armed conflict events in the year after it is introduced.",https://theconversation.com/projects-funded-by-the-world-bank-groups-private-sector-arm-fuel-armed-conflict-its-time-to-reform-the-system-217454,https://images.theconversation.com/files/559035/original/file-20231113-21-y77vl9.jpg?ixlib=rb-1.1.0&q=45&auto=format&w=1356&h=668&fit=crop,2023-11-14T14:10:37Z,"To what extent does private investment help developing countries to reduce conflict and violence and to achieve the Sustainable Development Goals? 

This is a hotly debated issue. Most international … [+6550 chars]",null,The Conversation Africa
"Macky Sall, Akinwumi Adesina, and Patrick Verkooijen",Time Is Running Out To Help Africa Feed Itself | Opinion,We need to end the cycle of broken commitments and transform the continent's agriculture sector once and for all.,https://www.newsweek.com/time-running-out-help-africa-feed-itself-opinion-1844136,https://d.newsweek.com/en/full/2309873/farmer-ploughs-field.jpg,2023-11-17T11:15:01Z,"The challenge of feeding the world is immense, given the unrelenting effects of climate change, from droughts and floods, both of which have increased in frequency and intensity in Africa. To secure … [+6150 chars]",newsweek,Newsweek
RT,Oil could hit $120 next year – Fitch Ratings,"The oil price shock could weigh on global economic growth in 2024 and push up inflation, Fitch Ratings has warned Read Full Article at RT.com",https://www.rt.com/business/587161-oil-price-growth-middle-east-conflict/,https://mf.b37mrtl.ru/files/2023.11/article/65520bba2030274a1e77a741.jpg,2023-11-13T12:12:16Z,"The conflict in the Middle East threatens to disrupt the oil supply and subsequently hurt global economic growth in 2024, Fitch Ratings has warned.
In a report on Friday, the agency outlined a poten… [+1909 chars]",rt,RT
RT,G7 Russian diamond plan will devastate African miners – regulator,"A Western plan to track Russian diamonds could disrupt the global supply chain and hurt major mining nations, according to Kimberley Process Read Full Article at RT.com",https://www.rt.com/africa/587238-russian-diamonds-g7-africa-miners/,https://mf.b37mrtl.ru/files/2023.11/article/655385ac20302715546167e9.jpg,2023-11-14T14:42:15Z,"The Group of Seven (G7) nations’ plan to track and trace Russian diamonds will bring “irreparable harm” to African producers, according to Ahmed bin Sulayem, who heads up the multilateral regulatory … [+2218 chars]",rt,RT
RT,Western company to contest Chinese rival for African resources,An Australian miner will take a Congolese company to international arbitration over claims to a lithium project in DR Congo Read Full Article at RT.com,https://www.rt.com/africa/586170-china-australia-africa-lithium/,https://mf.b37mrtl.ru/files/2023.10/article/653faea285f540371b414ae1.jpg,2023-10-30T13:38:26Z,"Australian miner AVZ Minerals is heading to international arbitration over rights to one of the world’s largest hard-rock lithium deposits in the Democratic Republic of the Congo (DRC), the company a… [+2237 chars]",rt,RT
Renée Bonorchis,News24 | Medium-term budget: Focus on cost cutting as state spending surges,SA government spending has hit more than R1 trillion so far this year.,https://www.news24.com/fin24/economy/medium-term-budget-focus-on-cost-cutting-as-state-spending-surges-20231101,https://cdn.24.co.za/files/Cms/General/d/7645/78c7b7eb6e5545289fde57f1b7611e25.jpg,2023-11-01T03:09:05Z,"South Africa is both spending more than it was last year and taking in less in taxes, leaving Finance Minister Enoch Godongwana no choice but to try to curb expenditure and find more money in his Med… [+772 chars]",news24,News24
Compiled by Lameez Omarjee,News24 | Climate news wrap | Meet SA's bird of the year. Advocate for groundbreaking loss and damage fund dies,"BirdLife South Africa has announced the 2024 Bird of the Year, and it's the endangered bateleur.",https://www.news24.com/fin24/climate_future/news/climate-news-wrap-meet-sas-bird-of-the-year-advocate-for-groundbreaking-loss-and-damage-fund-dies-20231105,https://cdn.24.co.za/files/Cms/General/d/9759/a59de4cec22140d3afed111ff1e1f256.jpg,2023-11-05T07:38:13Z,"Meet the bird of the year
BirdLife South Africa has announced the 2024 bird of the year, and it's the endangered bateleur.
The bird of prey is also known as the berghaan in Afrikaans, ingqungqulu i… [+11743 chars]",news24,News24
RT,Production of luxury Russian cars begins in UAE,"Assembly of Russian executive class of vehicles Aurus has been launched in Dubai, Deputy PM Denis Manturov has announced Read Full Article at RT.com",https://www.rt.com/business/587163-russia-car-production-aurus-uae/,https://mf.b37mrtl.ru/files/2023.11/article/655205c985f5405340051ea1.jpg,2023-11-14T05:49:21Z,"Russia has started to assemble the domestic luxury car brand Aurus in the United Arab Emirates, Deputy Prime Minister Denis Manturov announced on Sunday.
Production started with the executive sedan,… [+1505 chars]",rt,RT
RT,Indonesia could join BRICS – presidential candidate,"Joining BRICS could benefit the Indonesian economy, Defense Minister Prabowo Subianto says Read Full Article at RT.com",https://www.rt.com/business/587190-indonesia-plan-join-brics/,https://mf.b37mrtl.ru/files/2023.11/article/6553221b85f54062b3296e18.jpg,2023-11-14T11:36:03Z,"Indonesia could join the BRICS economic group, presidential candidate Prabowo Subianto told reporters on Monday during a campaign speech on foreign policy strategy.
According to Subianto, who curren… [+1707 chars]",rt,RT
Loz Blain,First commercial-scale ocean thermal energy generator slated for 2025,"In an average day, tropical oceans absorb about 278 petawatt-hours of solar energy. Harvesting just 1/4000th of that energy would supply the entire world's daily electricity – and ocean thermal energy conversion provides a possible method.Continue ReadingCate…",https://newatlas.com/energy/global-otec-power-dominique/,https://assets.newatlas.com/dims4/default/cdb116b/2147483647/strip/true/crop/1024x538+0+73/resize/1200x630!/quality/90/?url=http%3A%2F%2Fnewatlas-brightspot.s3.amazonaws.com%2F89%2Fc5%2F158646eb469da9ca9aae51fb6e5b%2Fdominique-updated-1-1024x576.png&na.image_optimisation=0,2023-11-14T08:30:09Z,"In an average day, tropical oceans absorb about 278 petawatt-hours of solar energy. Harvesting just 1/4000th of that energy would supply the entire world's daily electricity and ocean thermal energy … [+6991 chars]",null,New Atlas
Fatteh Hamid,How returning broke after two degrees in S’Africa influenced me – Money Africa CEO,"Chief Executive Officer and Founder, Money Africa and Ladda NG, Oluwatosin Olaseinde, tells FATTEH HAMID about her career in finance and why it is important to teach children about money at a young age What are fond memories of your childhood? I’m Oluwatosin …",https://punchng.com/how-returning-broke-after-two-degrees-in-safrica-influenced-me-money-africa-ceo/,https://cdn.punchng.com/wp-content/uploads/2023/11/18213803/OLUWATOSIN-OLASEINDE.jpg,2023-11-18T23:02:57Z,"Chief Executive Officer and Founder, Money Africa and Ladda NG, Oluwatosin Olaseinde, tells FATTEH HAMID about her career in finance and why it is important to teach children about money at a young a… [+13502 chars]",null,The Punch
"Rachel Wells, Contributor, 
 Rachel Wells, Contributor
 https://www.forbes.com/sites/rachelwells/",25 Million Project Managers In Demand As Median Salaries Soar To $120k,"Project management professionals are in high demand, with roles promising six-figure salaries; however, there are multiple factors that influence your salary potential.",https://www.forbes.com/sites/rachelwells/2023/11/10/25-million-project-managers-in-demand-as-median-salaries-soar-to-120k/,https://imageio.forbes.com/specials-images/imageserve/654e16fd9d64d55e077d2ee9/0x0.jpg?format=jpg&height=900&width=1600&fit=bounds,2023-11-10T11:56:27Z,"Project management professionals are in high demand, and these roles promise six-figure salaries; ... [+] however, there are multiple factors at play that can influence your salary potential.
getty… [+4047 chars]",null,Forbes
"Tim Treadgold, Contributor, 
 Tim Treadgold, Contributor
 https://www.forbes.com/sites/timtreadgold/",Diamond Glut Dulls The Gem Business Sparkle,"A glut of diamonds, both mined and man-made, could be an early present for holiday season shoppers and a crisis for miners, manufacturers, and jewelers.",https://www.forbes.com/sites/timtreadgold/2023/11/06/diamond-glut-dulls-the-gem-business-sparkle/,https://imageio.forbes.com/specials-images/imageserve/65498f6f13d483ec1b6a1dfd/0x0.jpg?format=jpg&height=900&width=1600&fit=bounds,2023-11-07T02:02:18Z,"A glut of diamonds, both mined and man-made, could be an early present for holiday season shoppers and a crisis for miners, manufacturers, and jewelers.
Mutiple negative factors, including global ec… [+4259 chars]",null,Forbes
Eric Worrall,Forbes: Climate Policy Hurts the Poor More than Climate Change,"Have we all just entered a parallel universe where mainstream media publishes articles which make sense?
The post Forbes: Climate Policy Hurts the Poor More than Climate Change first appeared on Watts Up With That?.",https://wattsupwiththat.com/2023/10/27/forbes-climate-policy-hurts-the-poor-more-than-climate-change/,https://wattsupwiththat.com/wp-content/uploads/2020/12/wuwt-logo.jpg,2023-10-27T18:00:00Z,"Essay by Eric Worrall
Have we all just entered a parallel universe where mainstream media publishes articles which make sense? 
Climate Change Hurts The Poor: But Not The Way You Think It Does
Til… [+2851 chars]",null,Wattsupwiththat.com
Branded Content,Branch Nigeria wins Digital Leading Company of the year at Africa Bank 4.0 Summit 2023,"Branch Nigeria, a leading digital lending company, has been named Digital Lending Company of the Year at the 13th Africa Bank 4.0 Summit 2023. In addition to this outstanding achievement the Managing Director,  Dayo Odulate-Ademola, was also awarded Best CEO …",https://punchng.com/branch-nigeria-wins-digital-leading-company-of-the-year-at-africa-bank-4-0-summit-2023/,https://cdn.punchng.com/wp-content/uploads/2023/10/25104414/branch.jpg,2023-10-25T06:41:21Z,"Branch Nigeria, a leading digital lending company, has been named Digital Lending Company of the Year at the 13th Africa Bank 4.0 Summit 2023. In addition to this outstanding achievement the Managing… [+2680 chars]",null,The Punch
Sophie McBain,Sam Bankman-Fried and the effective altruism delusion,"Editor's note: This article was originally published on 20 September. On 3 November, 'Crypto King' Sam Bankman-Fried was found guilty of fraud and money laundering. Sophie McBain looks at whether the",https://www.newstatesman.com/long-reads/2023/11/sam-bankman-fried-crypto-king-effective-altruism,https://dl6pgk4f88hky.cloudfront.net/2023/09/20/202339EffectiveAltruismmain-800x418.jpg?1699024057,2023-11-03T15:41:10Z,"Editors note: This article was originally published on 20 September. On 3 November, Crypto King Sam Bankman-Fried was found guilty of fraud and money laundering. Sophie McBain looks at whether the id… [+32165 chars]",null,New Statesman
Jocelyn Matyas,Beyond the climate jargon: Reflections from climate conference season 2023,"Jocelyn Matyas, who manages the Cisco Foundation's Climate Impact and Regeneration Investing Portfolio, shares lessons from climate conference season.",https://blogs.cisco.com/our-corporate-purpose/beyond-the-climate-jargon-reflections-from-climate-conference-season-2023,https://storage.googleapis.com/blogs-images/ciscoblogs/1/2023/11/rsz_gettyimages-1497725374-gcc-sustainability-walk-in-the-park-1024x682.jpg,2023-11-17T15:32:31Z,"For professionals of many sectors, fall is the season for a marathon of conferences, panels, webinars and events. For the climate sector, this is no exception and Climate Week NYC kicked it off with … [+7682 chars]",null,Cisco.com
Asad Ismi,Hi Michel–this is what I can do in 5 hours–Asad’s economic warfare article,"Through colonialism, neocolonialism and continuing imperialism, the Western elite and its proxies have been making war on the Global South for the last six centuries. This imperialism involves not only military war, the effects of which are obviously devastat…",https://www.globalresearch.ca/hi-michel-this-is-what-i-can-do-in-5-hours-asads-economic-warfare-article/5839396,null,2023-11-10T03:41:07Z,"Through colonialism, neocolonialism and continuing imperialism, the Western elite and its proxies have been making war on the Global South for the last six centuries. This imperialism involves not on… [+8221 chars]",null,Globalresearch.ca
John Pike,US Takes Up China's Infrastructure Mantel in Africa,"This week, the U.S. State Department confirmed that Washington's plan to refurbish and extend the Lobito Corridor — a railway that will run through mineral-rich Zambia and the Democratic Republic of Congo to an Atlantic port in Angola — is moving full steam a…",https://www.globalsecurity.org/military/library/news/2023/11/mil-231103-voa06.htm,null,2023-11-04T09:18:16Z,"By Kate Bartlett November 03, 2023
This week, the U.S. State Department confirmed that Washington's plan to refurbish and extend the Lobito Corridor a railway that will run through mineral-rich Zamb… [+6777 chars]",null,Globalsecurity.org
Khaya Koko,News24 | Why two legal entities have hauled the government to court,Finance Minister Enoch Godongwana and Justice and Correctional Services Minister Ronald Lamola are the defendants named.,https://www.news24.com/news24/politics/why-two-legal-entities-have-hauled-the-government-to-court-20231110,https://cdn.24.co.za/files/Cms/General/d/9737/470fd1e640784a1f8453e5038affe98d.jpeg,2023-11-10T06:40:33Z,"A R500-million National Treasury ""unlawful"" tender is being legally challenged as a ""threat to vulnerable advocates"", who face exclusion from the envisioned Treasury legal practitioners panel. 
The … [+350 chars]",news24,News24
Stephen Angbulu,"Tinubu, eight ministers head for Saudi-Africa summit Thursday","President Bola Tinubu alongside eight Ministers and heads of agencies will, on Thursday, depart Abuja for Riyadh, Saudi Arabia, to attend the first Saudi-Africa Summit scheduled to take place in Riyadh on November 10, 2023. The Special Adviser to the Presiden…",https://punchng.com/tinubu-eight-ministers-head-for-saudi-africa-summit-thursday/,https://cdn.punchng.com/wp-content/uploads/2023/09/11101001/Bola-Tinubu2.jpg,2023-11-08T18:31:01Z,"President Bola Tinubu alongside eight Ministers and heads of agencies will, on Thursday, depart Abuja for Riyadh, Saudi Arabia, to attend the first Saudi-Africa Summit scheduled to take place in Riya… [+1795 chars]",null,The Punch
Jason Felix,News24 | ‘Worst cost of living crisis ever seen’: DA tables alternative medium-term budget,"On Wednesday, Finance Minister Enoch Godongwana will deliver the medium-term budget policy statement.",https://www.news24.com/news24/politics/parliament/worst-cost-of-living-crisis-ever-seen-da-tables-alternative-medium-term-budget-20231030,https://cdn.24.co.za/files/Cms/General/d/3721/befdde33e1064120b9859ca468f11f3e.jpg,2023-10-30T14:20:55Z,<ul><li>Finance Minister Enoch Godongwana will deliver the medium-term budget policy statement on Wednesday.</li><li>This comes at a time when South Africa's economy is struggling to grow and governm… [+4648 chars],news24,News24
RT,Russia accounts for one-third of world diamond output – data,"Russia accounted for over 35% of global rough diamond production for the first time in 2022, Kimberley Process data shows Read Full Article at RT.com",https://www.rt.com/business/586732-russia-share-diamonds-market/,https://mf.b37mrtl.ru/files/2023.11/article/654a1f9285f54021c4233989.jpg,2023-11-07T16:50:39Z,"Russia was the top global producer of rough diamonds in 2022, RIA Novosti reported on Sunday, citing data from the Kimberley Process.
According to the UN-backed organization, the total volume of dia… [+1983 chars]",rt,RT
Branded Content,Branch Nigeria wins Digital Lending Company of the year at Africa Bank 4.0 Summit 2023,"Branch Nigeria, a leading digital lending company, has been named Digital Lending Company of the Year at the 13th Africa Bank 4.0 Summit 2023. In addition to this outstanding achievement the Managing Director,  Dayo Odulate-Ademola, was also awarded Best CEO …",https://punchng.com/branch-nigeria-wins-digital-lending-company-of-the-year-at-africa-bank-4-0-summit-2023/,https://cdn.punchng.com/wp-content/uploads/2023/10/25104414/branch.jpg,2023-10-25T06:41:21Z,"Branch Nigeria, a leading digital lending company, has been named Digital Lending Company of the Year at the 13th Africa Bank 4.0 Summit 2023. In addition to this outstanding achievement the Managing… [+2680 chars]",null,The Punch
RT,BRICS overtaking G7 in economic might – Bloomberg,"The expanded BRICS group and the G7 will have swapped places in relative size by 2040, a Bloomberg analysis shows Read Full Article at RT.com",https://www.rt.com/business/586901-brics-economic-might-growth-g7/,https://mf.b37mrtl.ru/files/2023.11/article/654cd93f85f54021c4233a69.jpg,2023-11-12T14:16:24Z,"The rapid rise of the BRICS is transforming the global economy, with the group’s share of world GDP in terms of purchasing power parity (PPP) set to rise well beyond of that of the Group of Seven (G7… [+1992 chars]",rt,RT
"Nana Ama Sarfo, Contributor, 
 Nana Ama Sarfo, Contributor
 https://www.forbes.com/sites/taxnotes/people/nanaamasarfo/",The Tax Man Comes For Fast Fashion,Nana Ama Sarfo looks at a number of tax proposals targeting fast fashion.,https://www.forbes.com/sites/taxnotes/2023/11/13/the-tax-man-comes-for-fast-fashion/,https://imageio.forbes.com/specials-images/imageserve/6552408b3a6e3881ea5e73a3/0x0.jpg?format=jpg&height=900&width=1600&fit=bounds,2023-11-13T15:34:15Z,"Fast fashion concept. Woman chooses jeans in a store. Lots of clothes in the store. Fast Fashion ... [+] Destroying Planet
getty
First, the tax authorities targeted soda, plastics, and hazardous ch… [+12007 chars]",null,Forbes
Deborah Sanusi,"Tinubu meets IDB management in Saudi, negotiates multi-billion dollar funding","President Bola Tinubu has advanced negotiations concerning a multi-billion dollar finance from the Islamic Development Bank management to fund infrastructure projects in Nigeria. This was disclosed in a statement signed by his Special Adviser, Ajuri Ngelale, …",https://punchng.com/tinubu-meets-idb-management-in-saudi-negotiates-multi-billion-dollar-funding/,https://cdn.punchng.com/wp-content/uploads/2023/11/14150232/F-5SfRmW8AAZ1Yt.jpeg,2023-11-14T14:05:01Z,"President Bola Tinubu has advanced negotiations concerning a multi-billion dollar finance from the Islamic Development Bank management to fund infrastructure projects in Nigeria.
This was disclosed … [+3035 chars]",null,The Punch
null,"Uganda: Entrepreneur Turns Waste into Opportunity, One 'Briquette' at a Time #AfricaClimateHope","[allAfrica] Isaac Ndyamuhahi, a young Ugandan entrepreneur with a background in forestry, is passionate about using nature-based solutions to help communities become more resilient to shocks like poverty and the global climate crisis. He is the founder and te…",https://allafrica.com/stories/202311020622.html,https://cdn08.allafrica.com/static/images/structure/aa-logo-rgba-no-text-square.png,2023-11-02T12:53:51Z,"Isaac Ndyamuhahi, a young Ugandan entrepreneur with a background in forestry, is passionate about using nature-based solutions to help communities become more resilient to shocks like poverty and the… [+22870 chars]",null,AllAfrica - Top Africa News
